adauga_facultate,Thu Apr 16 00:16:57 EEST 2020
adauga_facultate,Thu Apr 16 00:17:36 EEST 2020
schimba_data_interviu,Thu Apr 16 00:17:52 EEST 2020
adauga_student,Thu Apr 16 00:19:28 EEST 2020
adauga_student,Thu Apr 16 00:19:45 EEST 2020
adauga_facultate,Mon Apr 20 19:56:42 EEST 2020
adauga_student,Mon Apr 20 19:57:00 EEST 2020
adauga_student,Mon Apr 20 20:04:30 EEST 2020
adauga_student,Mon Apr 20 20:05:40 EEST 2020
adauga_student,Mon Apr 20 20:05:57 EEST 2020
adauga_student,Mon Apr 20 20:06:38 EEST 2020
adauga_facultate,Fri Apr 24 21:04:08 EEST 2020
adauga_student,Fri Apr 24 21:04:26 EEST 2020
adauga_facultate,Fri Apr 24 21:21:29 EEST 2020
adauga_student,Fri Apr 24 21:21:46 EEST 2020
schimba_examen,Fri Apr 24 21:22:13 EEST 2020
